Radius,Recovery
0,0.489632
1,0.669797
2,0.638889
3,0.552426
4,0.477895
